912796ZD4,MARKET BASED BILL,0.0,11/30/2023,,0.000000,99.970833,0.000000
912797HN0,MARKET BASED BILL,0.0,12/05/2023,,99.897722,99.897528,0.000000
912797FT9,MARKET BASED BILL,0.0,12/07/2023,,99.868625,99.868250,0.000000
912797HU4,MARKET BASED BILL,0.0,12/12/2023,,99.795250,99.795056,0.000000
912797FU6,MARKET BASED BILL,0.0,12/14/2023,,99.766667,99.766222,0.000000
912797HV2,MARKET BASED BILL,0.0,12/19/2023,,99.692583,99.692000,0.000000
912797FV4,MARKET BASED BILL,0.0,12/21/2023,,99.663625,99.663306,0.000000
912797HW0,MARKET BASED BILL,0.0,12/26/2023,,99.588556,99.587778,0.000000
912796ZN2,MARKET BASED BILL,0.0,12/28/2023,,99.560833,99.560000,0.000000
912797HX8,MARKET BASED BILL,0.0,01/02/2024,,99.487639,99.486667,0.000000
912797FW2,MARKET BASED BILL,0.0,01/04/2024,,99.458361,99.457333,0.000000
912797HY6,MARKET BASED BILL,0.0,01/09/2024,,99.386333,99.385167,0.000000
912797GC5,MARKET BASED BILL,0.0,01/11/2024,,99.355889,99.354667,0.000000
912797HZ3,MARKET BASED BILL,0.0,01/16/2024,,99.282694,99.281333,0.000000
912797GD3,MARKET BASED BILL,0.0,01/18/2024,,99.255542,99.254833,0.000000
912797JA6,MARKET BASED BILL,0.0,01/23/2024,,99.179444,99.178667,0.000000
912796ZY8,MARKET BASED BILL,0.0,01/25/2024,,99.154167,99.154167,0.000000
912797JB4,MARKET BASED BILL,0.0,01/30/2024,,99.082125,99.081250,0.000000
912797GE1,MARKET BASED BILL,0.0,02/01/2024,,99.052986,99.052083,0.000000
912797JC2,MARKET BASED BILL,0.0,02/06/2024,,98.980139,98.979167,0.000000
912797GM3,MARKET BASED BILL,0.0,02/08/2024,,98.953000,98.952000,0.000000
912797JD0,MARKET BASED BILL,0.0,02/13/2024,,98.879222,98.877083,0.000000
912797GN1,MARKET BASED BILL,0.0,02/15/2024,,98.849014,98.847917,0.000000
912797JE8,MARKET BASED BILL,0.0,02/20/2024,,98.777333,98.775000,0.000000
912796Z28,MARKET BASED BILL,0.0,02/22/2024,,98.745833,98.743444,0.000000
912797JF5,MARKET BASED BILL,0.0,02/27/2024,,98.674181,98.672917,0.000000
912797GP6,MARKET BASED BILL,0.0,02/29/2024,,98.642458,98.638583,0.000000
912797JG3,MARKET BASED BILL,0.0,03/05/2024,,98.572194,98.570833,0.000000
912797GQ4,MARKET BASED BILL,0.0,03/07/2024,,98.547222,98.544444,0.000000
912797JH1,MARKET BASED BILL,0.0,03/12/2024,,98.473125,98.471667,0.000000
912797GX9,MARKET BASED BILL,0.0,03/14/2024,,98.452958,98.451472,0.000000
912797JJ7,MARKET BASED BILL,0.0,03/19/2024,,98.369778,98.366667,0.000000
912797LL9,MARKET BASED BILL,0.0,03/21/2024,,98.342250,98.340667,0.000000
912797JK4,MARKET BASED BILL,0.0,03/26/2024,,98.262931,98.261278,0.000000
912797GY7,MARKET BASED BILL,0.0,03/28/2024,,98.248861,98.245500,0.000000
912797GZ4,MARKET BASED BILL,0.0,04/04/2024,,98.145778,98.140444,0.000000
912797HF7,MARKET BASED BILL,0.0,04/11/2024,,98.050000,98.046250,0.000000
912796CX5,MARKET BASED BILL,0.0,04/18/2024,,97.944944,97.941000,0.000000
912797HG5,MARKET BASED BILL,0.0,04/25/2024,,97.849847,97.847778,0.000000
912797HH3,MARKET BASED BILL,0.0,05/02/2024,,97.751000,97.746667,0.000000
912797HQ3,MARKET BASED BILL,0.0,05/09/2024,,97.650083,97.645556,0.000000
912797FH5,MARKET BASED BILL,0.0,05/16/2024,,97.544444,97.539722,0.000000
912797HR1,MARKET BASED BILL,0.0,05/23/2024,,97.438417,97.433500,0.000000
912797FS1,MARKET BASED BILL,0.0,06/13/2024,,97.241750,97.228000,0.000000
912797GB7,MARKET BASED BILL,0.0,07/11/2024,,96.861111,96.842278,0.000000
912797GK7,MARKET BASED BILL,0.0,08/08/2024,,96.468694,96.458111,0.000000
912797GL5,MARKET BASED BILL,0.0,09/05/2024,,96.083333,96.075500,0.000000
912797GW1,MARKET BASED BILL,0.0,10/03/2024,,95.741806,95.728889,0.000000
912797HE0,MARKET BASED BILL,0.0,10/31/2024,,95.347806,95.343111,0.000000
9128285P1,MARKET BASED NOTE,0.02875,11/30/2023,,0.000000,99.968750,0.000000
912828U57,MARKET BASED NOTE,0.02125,11/30/2023,,0.000000,99.937500,0.000000
91282CDM0,MARKET BASED NOTE,0.005,11/30/2023,,0.000000,99.968750,0.000000
91282CBA8,MARKET BASED NOTE,0.00125,12/15/2023,,0.000000,99.750000,0.000000
912828V23,MARKET BASED NOTE,0.0225,12/31/2023,,0.000000,99.687500,0.000000
9128285U0,MARKET BASED NOTE,0.02625,12/31/2023,,0.000000,99.718750,0.000000
91282CDR9,MARKET BASED NOTE,0.0075,12/31/2023,,0.000000,99.562500,0.000000
91282CBE0,MARKET BASED NOTE,0.00125,01/15/2024,,0.000000,99.312500,0.000000
9128285Z9,MARKET BASED NOTE,0.025,01/31/2024,,0.000000,99.468750,0.000000
912828V80,MARKET BASED NOTE,0.0225,01/31/2024,,0.000000,99.437500,0.000000
91282CDV0,MARKET BASED NOTE,0.00875,01/31/2024,,0.000000,99.218750,0.000000
912828B66,MARKET BASED NOTE,0.0275,02/15/2024,,0.000000,99.437500,0.000000
91282CBM2,MARKET BASED NOTE,0.00125,02/15/2024,,0.000000,98.875000,0.000000
912828W48,MARKET BASED NOTE,0.02125,02/29/2024,,0.000000,99.156250,0.000000
9128286G0,MARKET BASED NOTE,0.02375,02/29/2024,,0.000000,99.218750,0.000000
91282CEA5,MARKET BASED NOTE,0.015,02/29/2024,,0.000000,99.000000,0.000000
91282CBR1,MARKET BASED NOTE,0.0025,03/15/2024,,0.000000,98.500000,0.000000
912828W71,MARKET BASED NOTE,0.02125,03/31/2024,,0.000000,98.906250,0.000000
91282CEG2,MARKET BASED NOTE,0.0225,03/31/2024,,0.000000,98.937500,0.000000
91282CBV2,MARKET BASED NOTE,0.00375,04/15/2024,,0.000000,98.156250,0.000000
91282CEK3,MARKET BASED NOTE,0.025,04/30/2024,,0.000000,98.812500,0.000000
912828X70,MARKET BASED NOTE,0.02,04/30/2024,,0.000000,98.593750,0.000000
9128286R6,MARKET BASED NOTE,0.0225,04/30/2024,,0.000000,98.687500,0.000000
912828WJ5,MARKET BASED NOTE,0.025,05/15/2024,,0.000000,98.687500,0.000000
91282CCC3,MARKET BASED NOTE,0.0025,05/15/2024,,0.000000,97.656250,0.000000
91282CER8,MARKET BASED NOTE,0.025,05/31/2024,,98.593750,98.562500,0.000000
912828XT2,MARKET BASED NOTE,0.02,05/31/2024,,98.343750,98.312500,0.000000
91282CCG4,MARKET BASED NOTE,0.0025,06/15/2024,,97.312500,97.281250,0.000000
91282CEX5,MARKET BASED NOTE,0.03,06/30/2024,,98.640625,98.625000,0.000000
912828XX3,MARKET BASED NOTE,0.02,06/30/2024,,98.062500,98.031250,0.000000
9128286Z8,MARKET BASED NOTE,0.0175,06/30/2024,,97.937500,97.906250,0.000000
91282CCL3,MARKET BASED NOTE,0.00375,07/15/2024,,96.968750,96.937500,0.000000
91282CFA4,MARKET BASED NOTE,0.03,07/31/2024,,98.468750,98.437500,0.000000
9128282N9,MARKET BASED NOTE,0.02125,07/31/2024,,97.906250,97.875000,0.000000
912828Y87,MARKET BASED NOTE,0.0175,07/31/2024,,97.656250,97.625000,0.000000
912828D56,MARKET BASED NOTE,0.02375,08/15/2024,,97.968750,97.937500,0.000000
91282CCT6,MARKET BASED NOTE,0.00375,08/15/2024,,96.578125,96.562500,0.000000
91282CFG1,MARKET BASED NOTE,0.0325,08/31/2024,,98.484375,98.468750,0.000000
9128282U3,MARKET BASED NOTE,0.01875,08/31/2024,,97.453125,97.437500,0.000000
912828YE4,MARKET BASED NOTE,0.0125,08/31/2024,,97.000000,96.968750,0.000000
91282CCX7,MARKET BASED NOTE,0.00375,09/15/2024,,96.187500,96.156250,0.000000
91282CFN6,MARKET BASED NOTE,0.0425,09/30/2024,,99.156250,99.125000,0.000000
912828YH7,MARKET BASED NOTE,0.015,09/30/2024,,96.921875,96.906250,0.000000
9128282Y5,MARKET BASED NOTE,0.02125,09/30/2024,,97.437500,97.406250,0.000000
91282CDB4,MARKET BASED NOTE,0.00625,10/15/2024,,96.046875,96.031250,0.000000
91282CFQ9,MARKET BASED NOTE,0.04375,10/31/2024,,99.187500,99.156250,0.000000
9128283D0,MARKET BASED NOTE,0.0225,10/31/2024,,97.312500,97.281250,0.000000
912828YM6,MARKET BASED NOTE,0.015,10/31/2024,,96.640625,96.625000,0.000000
912828G38,MARKET BASED NOTE,0.0225,11/15/2024,,97.203125,97.187500,0.000000
91282CDH1,MARKET BASED NOTE,0.0075,11/15/2024,,95.812500,95.781250,0.000000
91282CFX4,MARKET BASED NOTE,0.045,11/30/2024,,99.234375,99.218750,0.000000
9128283J7,MARKET BASED NOTE,0.02125,11/30/2024,,96.953125,96.937500,0.000000
912828YV6,MARKET BASED NOTE,0.015,11/30/2024,,96.343750,96.312500,0.000000
91282CDN8,MARKET BASED NOTE,0.01,12/15/2024,,95.750000,95.718750,0.000000
91282CGD7,MARKET BASED NOTE,0.0425,12/31/2024,,98.984375,98.968750,0.000000
912828YY0,MARKET BASED NOTE,0.0175,12/31/2024,,96.375000,96.343750,0.000000
9128283P3,MARKET BASED NOTE,0.0225,12/31/2024,,96.906250,96.875000,0.000000
91282CDS7,MARKET BASED NOTE,0.01125,01/15/2025,,95.593750,95.562500,0.000000
91282CGG0,MARKET BASED NOTE,0.04125,01/31/2025,,98.828125,98.812500,0.000000
9128283V0,MARKET BASED NOTE,0.025,01/31/2025,,97.000000,96.968750,0.000000
912828Z52,MARKET BASED NOTE,0.01375,01/31/2025,,95.750000,95.718750,0.000000
912828J27,MARKET BASED NOTE,0.02,02/15/2025,,96.343750,96.312500,0.000000
91282CDZ1,MARKET BASED NOTE,0.015,02/15/2025,,95.750000,95.718750,0.000000
91282CGN5,MARKET BASED NOTE,0.04625,02/28/2025,,99.406250,99.375000,0.000000
9128283Z1,MARKET BASED NOTE,0.0275,02/28/2025,,97.156250,97.125000,0.000000
912828ZC7,MARKET BASED NOTE,0.01125,02/28/2025,,95.187500,95.156250,0.000000
91282CED9,MARKET BASED NOTE,0.0175,03/15/2025,,95.859375,95.843750,0.000000
91282CGU9,MARKET BASED NOTE,0.03875,03/31/2025,,98.468750,98.437500,0.000000
912828ZF0,MARKET BASED NOTE,0.005,03/31/2025,,94.156250,94.125000,0.000000
9128284F4,MARKET BASED NOTE,0.02625,03/31/2025,,96.875000,96.843750,0.000000
91282CEH0,MARKET BASED NOTE,0.02625,04/15/2025,,96.812500,96.781250,0.000000
91282CGX3,MARKET BASED NOTE,0.03875,04/30/2025,,98.453125,98.437500,0.000000
9128284M9,MARKET BASED NOTE,0.02875,04/30/2025,,97.062500,97.031250,0.000000
912828ZL7,MARKET BASED NOTE,0.00375,04/30/2025,,93.687500,93.656250,0.000000
912828XB1,MARKET BASED NOTE,0.02125,05/15/2025,,95.968750,95.937500,0.000000
91282CEQ0,MARKET BASED NOTE,0.0275,05/15/2025,,96.843750,96.812500,0.000000
91282CHD6,MARKET BASED NOTE,0.0425,05/31/2025,,98.953125,98.937500,0.000000
912828ZT0,MARKET BASED NOTE,0.0025,05/31/2025,,93.218750,93.187500,0.000000
9128284R8,MARKET BASED NOTE,0.02875,05/31/2025,,97.031250,97.000000,0.000000
91282CEU1,MARKET BASED NOTE,0.02875,06/15/2025,,96.921875,96.906250,0.000000
91282CHL8,MARKET BASED NOTE,0.04625,06/30/2025,,99.546875,99.531250,0.000000
912828ZW3,MARKET BASED NOTE,0.0025,06/30/2025,,92.921875,92.906250,0.000000
912828XZ8,MARKET BASED NOTE,0.0275,06/30/2025,,96.734375,96.718750,0.000000
91282CEY3,MARKET BASED NOTE,0.03,07/15/2025,,97.031250,97.000000,0.000000
91282CHN4,MARKET BASED NOTE,0.0475,07/31/2025,,99.734375,99.718750,0.000000
912828Y79,MARKET BASED NOTE,0.02875,07/31/2025,,96.781250,96.750000,0.000000
91282CAB7,MARKET BASED NOTE,0.0025,07/31/2025,,92.609375,92.593750,0.000000
912828K74,MARKET BASED NOTE,0.02,08/15/2025,,95.312500,95.281250,0.000000
91282CFE6,MARKET BASED NOTE,0.03125,08/15/2025,,97.140625,97.125000,0.000000
91282CHV6,MARKET BASED NOTE,0.05,08/31/2025,,100.203125,100.187500,0.000000
9128284Z0,MARKET BASED NOTE,0.0275,08/31/2025,,96.468750,96.437500,0.000000
91282CAJ0,MARKET BASED NOTE,0.0025,08/31/2025,,92.312500,92.281250,0.000000
91282CFK2,MARKET BASED NOTE,0.035,09/15/2025,,97.687500,97.656250,0.000000
91282CJB8,MARKET BASED NOTE,0.05,09/30/2025,,100.265625,100.250000,0.000000
91282CAM3,MARKET BASED NOTE,0.0025,09/30/2025,,92.078125,92.062500,0.000000
9128285C0,MARKET BASED NOTE,0.03,09/30/2025,,96.796875,96.781250,0.000000
91282CFP1,MARKET BASED NOTE,0.0425,10/15/2025,,98.984375,98.968750,0.000000
91282CJE2,MARKET BASED NOTE,0.05,10/31/2025,,100.343750,100.343750,0.000000
9128285J5,MARKET BASED NOTE,0.03,10/31/2025,,96.750000,96.718750,0.000000
91282CAT8,MARKET BASED NOTE,0.0025,10/31/2025,,91.750000,91.718750,0.000000
912828M56,MARKET BASED NOTE,0.0225,11/15/2025,,95.312500,95.281250,0.000000
91282CFW6,MARKET BASED NOTE,0.045,11/15/2025,,99.484375,99.468750,0.000000
9128285N6,MARKET BASED NOTE,0.02875,11/30/2025,,96.437500,96.406250,0.000000
91282CAZ4,MARKET BASED NOTE,0.00375,11/30/2025,,91.703125,91.687500,0.000000
91282CGA3,MARKET BASED NOTE,0.04,12/15/2025,,98.546875,98.531250,0.000000
91282CBC4,MARKET BASED NOTE,0.00375,12/31/2025,,91.500000,91.468750,0.000000
9128285T3,MARKET BASED NOTE,0.02625,12/31/2025,,95.859375,95.843750,0.000000
91282CGE5,MARKET BASED NOTE,0.03875,01/15/2026,,98.328125,98.312500,0.000000
9128286A3,MARKET BASED NOTE,0.02625,01/31/2026,,95.765625,95.750000,0.000000
91282CBH3,MARKET BASED NOTE,0.00375,01/31/2026,,91.156250,91.125000,0.000000
912828P46,MARKET BASED NOTE,0.01625,02/15/2026,,93.656250,93.625000,0.000000
91282CGL9,MARKET BASED NOTE,0.04,02/15/2026,,98.562500,98.531250,0.000000
9128286F2,MARKET BASED NOTE,0.025,02/28/2026,,95.406250,95.375000,0.000000
91282CBQ3,MARKET BASED NOTE,0.005,02/28/2026,,91.171875,91.156250,0.000000
91282CGR6,MARKET BASED NOTE,0.04625,03/15/2026,,99.921875,99.906250,0.000000
91282CBT7,MARKET BASED NOTE,0.0075,03/31/2026,,91.531250,91.500000,0.000000
9128286L9,MARKET BASED NOTE,0.0225,03/31/2026,,94.750000,94.718750,0.000000
91282CGV7,MARKET BASED NOTE,0.0375,04/15/2026,,98.015625,98.000000,0.000000
91282CBW0,MARKET BASED NOTE,0.0075,04/30/2026,,91.234375,91.218750,0.000000
9128286S4,MARKET BASED NOTE,0.02375,04/30/2026,,94.921875,94.906250,0.000000
912828R36,MARKET BASED NOTE,0.01625,05/15/2026,,93.093750,93.062500,0.000000
91282CHB0,MARKET BASED NOTE,0.03625,05/15/2026,,97.734375,97.718750,0.000000
91282CCF6,MARKET BASED NOTE,0.0075,05/31/2026,,90.968750,90.937500,0.000000
9128286X3,MARKET BASED NOTE,0.02125,05/31/2026,,94.203125,94.187500,0.000000
91282CHH7,MARKET BASED NOTE,0.04125,06/15/2026,,98.890625,98.875000,0.000000
91282CCJ8,MARKET BASED NOTE,0.00875,06/30/2026,,91.156250,91.125000,0.000000
9128287B0,MARKET BASED NOTE,0.01875,06/30/2026,,93.531250,93.500000,0.000000
91282CHM6,MARKET BASED NOTE,0.045,07/15/2026,,99.796875,99.781250,0.000000
91282CCP4,MARKET BASED NOTE,0.00625,07/31/2026,,90.218750,90.187500,0.000000
912828Y95,MARKET BASED NOTE,0.01875,07/31/2026,,93.281250,93.250000,0.000000
9128282A7,MARKET BASED NOTE,0.015,08/15/2026,,92.250000,92.218750,0.000000
91282CHU8,MARKET BASED NOTE,0.04375,08/15/2026,,99.484375,99.468750,0.000000
91282CCW9,MARKET BASED NOTE,0.0075,08/31/2026,,90.265625,90.250000,0.000000
912828YD6,MARKET BASED NOTE,0.01375,08/31/2026,,91.875000,91.843750,0.000000
91282CHY0,MARKET BASED NOTE,0.04625,09/15/2026,,100.203125,100.187500,0.000000
91282CCZ2,MARKET BASED NOTE,0.00875,09/30/2026,,90.453125,90.437500,0.000000
912828YG9,MARKET BASED NOTE,0.01625,09/30/2026,,92.421875,92.406250,0.000000
91282CJC6,MARKET BASED NOTE,0.04625,10/15/2026,,100.250000,100.250000,0.000000
91282CDG3,MARKET BASED NOTE,0.01125,10/31/2026,,90.828125,90.812500,0.000000
912828YQ7,MARKET BASED NOTE,0.01625,10/31/2026,,92.156250,92.125000,0.000000
912828U24,MARKET BASED NOTE,0.02,11/15/2026,,93.093750,93.062500,0.000000
91282CJK8,MARKET BASED NOTE,0.04625,11/15/2026,,100.281250,100.281250,0.000000
91282CDK4,MARKET BASED NOTE,0.0125,11/30/2026,,90.953125,90.937500,0.000000
912828YU8,MARKET BASED NOTE,0.01625,11/30/2026,,92.000000,91.968750,0.000000
912828YX2,MARKET BASED NOTE,0.0175,12/31/2026,,92.265625,92.250000,0.000000
91282CDQ1,MARKET BASED NOTE,0.0125,12/31/2026,,90.843750,90.812500,0.000000
912828Z78,MARKET BASED NOTE,0.015,01/31/2027,,91.281250,91.250000,0.000000
912828V98,MARKET BASED NOTE,0.0225,02/15/2027,,93.421875,93.406250,0.000000
912828ZB9,MARKET BASED NOTE,0.01125,02/28/2027,,90.031250,90.000000,0.000000
91282CEC1,MARKET BASED NOTE,0.01875,02/28/2027,,92.203125,92.187500,0.000000
91282CEF4,MARKET BASED NOTE,0.025,03/31/2027,,94.015625,94.000000,0.000000
912828ZE3,MARKET BASED NOTE,0.00625,03/31/2027,,88.218750,88.187500,0.000000
912828ZN3,MARKET BASED NOTE,0.005,04/30/2027,,87.578125,87.562500,0.000000
91282CEN7,MARKET BASED NOTE,0.0275,04/30/2027,,94.640625,94.625000,0.000000
912828X88,MARKET BASED NOTE,0.02375,05/15/2027,,93.375000,93.343750,0.000000
912828ZS2,MARKET BASED NOTE,0.005,05/31/2027,,87.328125,87.312500,0.000000
91282CET4,MARKET BASED NOTE,0.02625,05/31/2027,,94.109375,94.093750,0.000000
91282CEW7,MARKET BASED NOTE,0.0325,06/30/2027,,96.109375,96.093750,0.000000
912828ZV5,MARKET BASED NOTE,0.005,06/30/2027,,87.062500,87.031250,0.000000
91282CAD3,MARKET BASED NOTE,0.00375,07/31/2027,,86.390625,86.375000,0.000000
91282CFB2,MARKET BASED NOTE,0.0275,07/31/2027,,94.328125,94.312500,0.000000
9128282R0,MARKET BASED NOTE,0.0225,08/15/2027,,92.593750,92.562500,0.000000
91282CAH4,MARKET BASED NOTE,0.005,08/31/2027,,86.546875,86.531250,0.000000
91282CFH9,MARKET BASED NOTE,0.03125,08/31/2027,,95.515625,95.500000,0.000000
91282CFM8,MARKET BASED NOTE,0.04125,09/30/2027,,98.984375,98.968750,0.000000
91282CAL5,MARKET BASED NOTE,0.00375,09/30/2027,,85.859375,85.843750,0.000000
91282CAU5,MARKET BASED NOTE,0.005,10/31/2027,,86.031250,86.000000,0.000000
91282CFU0,MARKET BASED NOTE,0.04125,10/31/2027,,98.984375,98.968750,0.000000
9128283F5,MARKET BASED NOTE,0.0225,11/15/2027,,92.187500,92.156250,0.000000
91282CAY7,MARKET BASED NOTE,0.00625,11/30/2027,,86.234375,86.218750,0.000000
91282CFZ9,MARKET BASED NOTE,0.03875,11/30/2027,,98.046875,98.031250,0.000000
91282CGC9,MARKET BASED NOTE,0.03875,12/31/2027,,98.078125,98.062500,0.000000
91282CBB6,MARKET BASED NOTE,0.00625,12/31/2027,,86.015625,86.000000,0.000000
91282CBJ9,MARKET BASED NOTE,0.0075,01/31/2028,,86.234375,86.218750,0.000000
91282CGH8,MARKET BASED NOTE,0.035,01/31/2028,,96.640625,96.625000,0.000000
9128283W8,MARKET BASED NOTE,0.0275,02/15/2028,,93.687500,93.656250,0.000000
91282CBP5,MARKET BASED NOTE,0.01125,02/29/2028,,87.453125,87.437500,0.000000
91282CGP0,MARKET BASED NOTE,0.04,02/29/2028,,98.546875,98.531250,0.000000
91282CGT2,MARKET BASED NOTE,0.03625,03/31/2028,,97.078125,97.062500,0.000000
91282CBS9,MARKET BASED NOTE,0.0125,03/31/2028,,87.750000,87.718750,0.000000
91282CHA2,MARKET BASED NOTE,0.035,04/30/2028,,96.562500,96.562500,0.000000
91282CBZ3,MARKET BASED NOTE,0.0125,04/30/2028,,87.546875,87.531250,0.000000
9128284N7,MARKET BASED NOTE,0.02875,05/15/2028,,93.937500,93.906250,0.000000
91282CCE9,MARKET BASED NOTE,0.0125,05/31/2028,,87.343750,87.312500,0.000000
91282CHE4,MARKET BASED NOTE,0.03625,05/31/2028,,97.078125,97.062500,0.000000
91282CHK0,MARKET BASED NOTE,0.04,06/30/2028,,98.546875,98.531250,0.000000
91282CCH2,MARKET BASED NOTE,0.0125,06/30/2028,,87.140625,87.125000,0.000000
91282CCR0,MARKET BASED NOTE,0.01,07/31/2028,,85.890625,85.875000,0.000000
91282CHQ7,MARKET BASED NOTE,0.04125,07/31/2028,,99.046875,99.031250,0.000000
9128284V9,MARKET BASED NOTE,0.02875,08/15/2028,,93.687500,93.656250,0.000000
91282CHX2,MARKET BASED NOTE,0.04375,08/31/2028,,100.171875,100.156250,0.000000
91282CCV1,MARKET BASED NOTE,0.01125,08/31/2028,,86.218750,86.187500,0.000000
91282CCY5,MARKET BASED NOTE,0.0125,09/30/2028,,86.546875,86.531250,0.000000
91282CJA0,MARKET BASED NOTE,0.04625,09/30/2028,,101.234375,101.218750,0.000000
91282CDF5,MARKET BASED NOTE,0.01375,10/31/2028,,86.890625,86.875000,0.000000
91282CJF9,MARKET BASED NOTE,0.04875,10/31/2028,,102.359375,102.343750,0.000000
9128285M8,MARKET BASED NOTE,0.03125,11/15/2028,,94.500000,94.468750,0.000000
91282CDL2,MARKET BASED NOTE,0.015,11/30/2028,,87.234375,87.218750,0.000000
91282CDP3,MARKET BASED NOTE,0.01375,12/31/2028,,86.468750,86.437500,0.000000
91282CDW8,MARKET BASED NOTE,0.0175,01/31/2029,,87.984375,87.968750,0.000000
9128286B1,MARKET BASED NOTE,0.02625,02/15/2029,,91.906250,91.875000,0.000000
91282CEB3,MARKET BASED NOTE,0.01875,02/28/2029,,88.421875,88.406250,0.000000
91282CEE7,MARKET BASED NOTE,0.02375,03/31/2029,,90.562500,90.531250,0.000000
91282CEM9,MARKET BASED NOTE,0.02875,04/30/2029,,92.812500,92.781250,0.000000
9128286T2,MARKET BASED NOTE,0.02375,05/15/2029,,90.390625,90.343750,0.000000
91282CES6,MARKET BASED NOTE,0.0275,05/31/2029,,92.109375,92.093750,0.000000
91282CEV9,MARKET BASED NOTE,0.0325,06/30/2029,,94.437500,94.406250,0.000000
91282CFC0,MARKET BASED NOTE,0.02625,07/31/2029,,91.234375,91.218750,0.000000
912828YB0,MARKET BASED NOTE,0.01625,08/15/2029,,86.515625,86.468750,0.000000
91282CFJ5,MARKET BASED NOTE,0.03125,08/31/2029,,93.640625,93.625000,0.000000
91282CFL0,MARKET BASED NOTE,0.03875,09/30/2029,,97.359375,97.343750,0.000000
91282CFT3,MARKET BASED NOTE,0.04,10/31/2029,,97.984375,97.968750,0.000000
912828YS3,MARKET BASED NOTE,0.0175,11/15/2029,,86.718750,86.656250,0.000000
91282CFY2,MARKET BASED NOTE,0.03875,11/30/2029,,97.296875,97.281250,0.000000
91282CGB1,MARKET BASED NOTE,0.03875,12/31/2029,,97.265625,97.250000,0.000000
91282CGJ4,MARKET BASED NOTE,0.035,01/31/2030,,95.234375,95.218750,0.000000
912828Z94,MARKET BASED NOTE,0.015,02/15/2030,,84.562500,84.531250,0.000000
91282CGQ8,MARKET BASED NOTE,0.04,02/28/2030,,97.890625,97.875000,0.000000
91282CGS4,MARKET BASED NOTE,0.03625,03/31/2030,,95.812500,95.781250,0.000000
91282CGZ8,MARKET BASED NOTE,0.035,04/30/2030,,95.109375,95.093750,0.000000
912828ZQ6,MARKET BASED NOTE,0.00625,05/15/2030,,79.093750,79.062500,0.000000
91282CHF1,MARKET BASED NOTE,0.0375,05/31/2030,,96.453125,96.437500,0.000000
91282CHJ3,MARKET BASED NOTE,0.0375,06/30/2030,,96.421875,96.406250,0.000000
91282CHR5,MARKET BASED NOTE,0.04,07/31/2030,,97.828125,97.812500,0.000000
91282CAE1,MARKET BASED NOTE,0.00625,08/15/2030,,78.437500,78.406250,0.000000
91282CHW4,MARKET BASED NOTE,0.04125,08/31/2030,,98.515625,98.500000,0.000000
91282CHZ7,MARKET BASED NOTE,0.04625,09/30/2030,,101.453125,101.437500,0.000000
91282CJG7,MARKET BASED NOTE,0.04875,10/31/2030,,102.968750,102.968750,0.000000
91282CAV3,MARKET BASED NOTE,0.00875,11/15/2030,,79.484375,79.437500,0.000000
91282CBL4,MARKET BASED NOTE,0.01125,02/15/2031,,80.593750,80.562500,0.000000
91282CCB5,MARKET BASED NOTE,0.01625,05/15/2031,,82.843750,82.812500,0.000000
91282CCS8,MARKET BASED NOTE,0.0125,08/15/2031,,79.875000,79.843750,0.000000
91282CDJ7,MARKET BASED NOTE,0.01375,11/15/2031,,80.109375,80.093750,0.000000
91282CDY4,MARKET BASED NOTE,0.01875,02/15/2032,,82.953125,82.937500,0.000000
91282CEP2,MARKET BASED NOTE,0.02875,05/15/2032,,89.484375,89.468750,0.000000
91282CFF3,MARKET BASED NOTE,0.0275,08/15/2032,,88.296875,88.281250,0.000000
91282CFV8,MARKET BASED NOTE,0.04125,11/15/2032,,98.140625,98.125000,0.000000
91282CGM7,MARKET BASED NOTE,0.035,02/15/2033,,93.421875,93.406250,0.000000
91282CHC8,MARKET BASED NOTE,0.03375,05/15/2033,,92.390625,92.375000,0.000000
91282CHT1,MARKET BASED NOTE,0.03875,08/15/2033,,96.140625,96.125000,0.000000
91282CJJ1,MARKET BASED NOTE,0.045,11/15/2033,,101.218750,101.218750,0.000000
912810ES3,MARKET BASED BOND,0.075,11/15/2024,,102.453125,102.281250,0.000000
912810ET1,MARKET BASED BOND,0.07625,02/15/2025,,103.281250,103.093750,0.000000
912810EV6,MARKET BASED BOND,0.06875,08/15/2025,,103.250000,103.031250,0.000000
912810EW4,MARKET BASED BOND,0.06,02/15/2026,,102.656250,102.343750,0.000000
912810EX2,MARKET BASED BOND,0.0675,08/15/2026,,105.515625,105.218750,0.000000
912810EY0,MARKET BASED BOND,0.065,11/15/2026,,105.390625,105.218750,0.000000
912810EZ7,MARKET BASED BOND,0.06625,02/15/2027,,106.375000,106.156250,0.000000
912810FA1,MARKET BASED BOND,0.06375,08/15/2027,,106.500000,106.312500,0.000000
912810FB9,MARKET BASED BOND,0.06125,11/15/2027,,106.218750,106.093750,0.000000
912810FE3,MARKET BASED BOND,0.055,08/15/2028,,104.828125,104.687500,0.000000
912810FF0,MARKET BASED BOND,0.0525,11/15/2028,,103.937500,103.781250,0.000000
912810FG8,MARKET BASED BOND,0.0525,02/15/2029,,103.968750,103.750000,0.000000
912810FJ2,MARKET BASED BOND,0.06125,08/15/2029,,108.640625,108.500000,0.000000
912810FM5,MARKET BASED BOND,0.0625,05/15/2030,,110.421875,110.250000,0.000000
912810FP8,MARKET BASED BOND,0.05375,02/15/2031,,106.468750,106.125000,0.000000
912810FT0,MARKET BASED BOND,0.045,02/15/2036,,101.671875,101.562500,0.000000
912810PT9,MARKET BASED BOND,0.0475,02/15/2037,,103.843750,103.718750,0.000000
912810PU6,MARKET BASED BOND,0.05,05/15/2037,,106.015625,105.875000,0.000000
912810PW2,MARKET BASED BOND,0.04375,02/15/2038,,99.031250,98.906250,0.000000
912810PX0,MARKET BASED BOND,0.045,05/15/2038,,100.031250,99.906250,0.000000
912810QA9,MARKET BASED BOND,0.035,02/15/2039,,88.468750,88.343750,0.000000
912810QB7,MARKET BASED BOND,0.0425,05/15/2039,,96.375000,96.281250,0.000000
912810QC5,MARKET BASED BOND,0.045,08/15/2039,,98.968750,98.906250,0.000000
912810QD3,MARKET BASED BOND,0.04375,11/15/2039,,97.406250,97.281250,0.000000
912810QE1,MARKET BASED BOND,0.04625,02/15/2040,,100.140625,100.031250,0.000000
912810QH4,MARKET BASED BOND,0.04375,05/15/2040,,97.015625,96.937500,0.000000
912810SR0,MARKET BASED BOND,0.01125,05/15/2040,,59.250000,59.156250,0.000000
912810QK7,MARKET BASED BOND,0.03875,08/15/2040,,90.921875,90.843750,0.000000
912810SQ2,MARKET BASED BOND,0.01125,08/15/2040,,58.734375,58.656250,0.000000
912810QL5,MARKET BASED BOND,0.0425,11/15/2040,,95.171875,95.093750,0.000000
912810ST6,MARKET BASED BOND,0.01375,11/15/2040,,61.187500,61.125000,0.000000
912810SW9,MARKET BASED BOND,0.01875,02/15/2041,,66.531250,66.468750,0.000000
912810QN1,MARKET BASED BOND,0.0475,02/15/2041,,101.125000,101.031250,0.000000
912810QQ4,MARKET BASED BOND,0.04375,05/15/2041,,96.484375,96.406250,0.000000
912810SY5,MARKET BASED BOND,0.0225,05/15/2041,,70.671875,70.625000,0.000000
912810TA6,MARKET BASED BOND,0.0175,08/15/2041,,64.343750,64.281250,0.000000
912810QS0,MARKET BASED BOND,0.0375,08/15/2041,,88.843750,88.781250,0.000000
912810QT8,MARKET BASED BOND,0.03125,11/15/2041,,80.937500,80.875000,0.000000
912810TC2,MARKET BASED BOND,0.02,11/15/2041,,66.984375,66.906250,0.000000
912810TF5,MARKET BASED BOND,0.02375,02/15/2042,,71.203125,71.156250,0.000000
912810QU5,MARKET BASED BOND,0.03125,02/15/2042,,80.656250,80.593750,0.000000
912810QW1,MARKET BASED BOND,0.03,05/15/2042,,78.828125,78.750000,0.000000
912810TH1,MARKET BASED BOND,0.0325,05/15/2042,,81.781250,81.750000,0.000000
912810QX9,MARKET BASED BOND,0.0275,08/15/2042,,75.500000,75.437500,0.000000
912810TK4,MARKET BASED BOND,0.03375,08/15/2042,,83.109375,83.062500,0.000000
912810TM0,MARKET BASED BOND,0.04,11/15/2042,,90.859375,90.812500,0.000000
912810QY7,MARKET BASED BOND,0.0275,11/15/2042,,75.218750,75.156250,0.000000
912810QZ4,MARKET BASED BOND,0.03125,02/15/2043,,79.671875,79.593750,0.000000
912810TQ1,MARKET BASED BOND,0.03875,02/15/2043,,89.140625,89.093750,0.000000
912810TS7,MARKET BASED BOND,0.03875,05/15/2043,,89.062500,89.031250,0.000000
912810RB6,MARKET BASED BOND,0.02875,05/15/2043,,76.359375,76.281250,0.000000
912810RC4,MARKET BASED BOND,0.03625,08/15/2043,,85.796875,85.718750,0.000000
912810TU2,MARKET BASED BOND,0.04375,08/15/2043,,95.484375,95.437500,0.000000
912810RD2,MARKET BASED BOND,0.0375,11/15/2043,,87.265625,87.187500,0.000000
912810RE0,MARKET BASED BOND,0.03625,02/15/2044,,85.531250,85.437500,0.000000
912810RG5,MARKET BASED BOND,0.03375,05/15/2044,,82.109375,82.031250,0.000000
912810RH3,MARKET BASED BOND,0.03125,08/15/2044,,78.640625,78.562500,0.000000
912810RJ9,MARKET BASED BOND,0.03,11/15/2044,,76.843750,76.781250,0.000000
912810RK6,MARKET BASED BOND,0.025,02/15/2045,,70.046875,69.968750,0.000000
912810RM2,MARKET BASED BOND,0.03,05/15/2045,,76.515625,76.437500,0.000000
912810RN0,MARKET BASED BOND,0.02875,08/15/2045,,74.671875,74.593750,0.000000
912810RP5,MARKET BASED BOND,0.03,11/15/2045,,76.171875,76.093750,0.000000
912810RQ3,MARKET BASED BOND,0.025,02/15/2046,,69.171875,69.093750,0.000000
912810RS9,MARKET BASED BOND,0.025,05/15/2046,,69.015625,68.937500,0.000000
912810RT7,MARKET BASED BOND,0.0225,08/15/2046,,65.421875,65.343750,0.000000
912810RU4,MARKET BASED BOND,0.02875,11/15/2046,,73.953125,73.875000,0.000000
912810RV2,MARKET BASED BOND,0.03,02/15/2047,,75.515625,75.437500,0.000000
912810RX8,MARKET BASED BOND,0.03,05/15/2047,,75.437500,75.375000,0.000000
912810RY6,MARKET BASED BOND,0.0275,08/15/2047,,71.796875,71.750000,0.000000
912810RZ3,MARKET BASED BOND,0.0275,11/15/2047,,71.765625,71.718750,0.000000
912810SA7,MARKET BASED BOND,0.03,02/15/2048,,75.187500,75.125000,0.000000
912810SC3,MARKET BASED BOND,0.03125,05/15/2048,,76.953125,76.906250,0.000000
912810SD1,MARKET BASED BOND,0.03,08/15/2048,,75.125000,75.062500,0.000000
912810SE9,MARKET BASED BOND,0.03375,11/15/2048,,80.546875,80.500000,0.000000
912810SF6,MARKET BASED BOND,0.03,02/15/2049,,75.078125,75.031250,0.000000
912810SH2,MARKET BASED BOND,0.02875,05/15/2049,,73.281250,73.218750,0.000000
912810SJ8,MARKET BASED BOND,0.0225,08/15/2049,,64.093750,64.031250,0.000000
912810SK5,MARKET BASED BOND,0.02375,11/15/2049,,65.906250,65.843750,0.000000
912810SL3,MARKET BASED BOND,0.02,02/15/2050,,60.265625,60.218750,0.000000
912810SN9,MARKET BASED BOND,0.0125,05/15/2050,,48.953125,48.906250,0.000000
912810SP4,MARKET BASED BOND,0.01375,08/15/2050,,50.625000,50.562500,0.000000
912810SS8,MARKET BASED BOND,0.01625,11/15/2050,,54.296875,54.250000,0.000000
912810SU3,MARKET BASED BOND,0.01875,02/15/2051,,58.015625,57.968750,0.000000
912810SX7,MARKET BASED BOND,0.02375,05/15/2051,,65.531250,65.468750,0.000000
912810SZ2,MARKET BASED BOND,0.02,08/15/2051,,59.734375,59.687500,0.000000
912810TB4,MARKET BASED BOND,0.01875,11/15/2051,,57.765625,57.718750,0.000000
912810TD0,MARKET BASED BOND,0.0225,02/15/2052,,63.515625,63.468750,0.000000
912810TG3,MARKET BASED BOND,0.02875,05/15/2052,,73.218750,73.187500,0.000000
912810TJ7,MARKET BASED BOND,0.03,08/15/2052,,75.203125,75.156250,0.000000
912810TL2,MARKET BASED BOND,0.04,11/15/2052,,91.187500,91.156250,0.000000
912810TN8,MARKET BASED BOND,0.03625,02/15/2053,,85.109375,85.062500,0.000000
912810TR9,MARKET BASED BOND,0.03625,05/15/2053,,85.156250,85.125000,0.000000
912810TT5,MARKET BASED BOND,0.04125,08/15/2053,,93.265625,93.218750,0.000000
912810TV0,MARKET BASED BOND,0.0475,11/15/2053,,103.640625,103.625000,0.000000
912828B25,TIPS,0.00625,01/15/2024,,0.000000,99.218750,0.000000
9128286N5,TIPS,0.005,04/15/2024,,0.000000,98.437500,0.000000
912828WU0,TIPS,0.00125,07/15/2024,,97.984375,97.937500,0.000000
912828YL8,TIPS,0.00125,10/15/2024,,97.328125,97.281250,0.000000
912828H45,TIPS,0.0025,01/15/2025,,96.546875,96.500000,0.000000
912810FR4,TIPS,0.02375,01/15/2025,,98.890625,98.843750,0.000000
912828ZJ2,TIPS,0.00125,04/15/2025,,95.812500,95.781250,0.000000
912828XL9,TIPS,0.00375,07/15/2025,,96.187500,96.156250,0.000000
91282CAQ4,TIPS,0.00125,10/15/2025,,95.312500,95.281250,0.000000
912828N71,TIPS,0.00625,01/15/2026,,95.625000,95.593750,0.000000
912810FS2,TIPS,0.02,01/15/2026,,98.421875,98.375000,0.000000
91282CCA7,TIPS,0.00125,04/15/2026,,94.125000,94.093750,0.000000
912828S50,TIPS,0.00125,07/15/2026,,94.171875,94.125000,0.000000
91282CDC2,TIPS,0.00125,10/15/2026,,93.718750,93.687500,0.000000
912828V49,TIPS,0.00375,01/15/2027,,93.734375,93.687500,0.000000
912810PS1,TIPS,0.02375,01/15/2027,,99.703125,99.656250,0.000000
91282CEJ6,TIPS,0.00125,04/15/2027,,92.500000,92.468750,0.000000
9128282L3,TIPS,0.00375,07/15/2027,,93.453125,93.406250,0.000000
91282CFR7,TIPS,0.01625,10/15/2027,,97.640625,97.625000,0.000000
9128283R9,TIPS,0.005,01/15/2028,,92.890625,92.843750,0.000000
912810PV4,TIPS,0.0175,01/15/2028,,97.734375,97.687500,0.000000
912810FD5,TIPS,0.03625,04/15/2028,,105.421875,105.343750,0.000000
91282CGW5,TIPS,0.0125,04/15/2028,,95.640625,95.625000,0.000000
912828Y38,TIPS,0.0075,07/15/2028,,93.781250,93.750000,0.000000
91282CJH5,TIPS,0.02375,10/15/2028,,100.953125,100.937500,0.000000
9128285W6,TIPS,0.00875,01/15/2029,,93.546875,93.500000,0.000000
912810PZ5,TIPS,0.025,01/15/2029,,101.281250,101.218750,0.000000
912810FH6,TIPS,0.03875,04/15/2029,,108.093750,108.031250,0.000000
9128287D6,TIPS,0.0025,07/15/2029,,90.125000,90.093750,0.000000
912828Z37,TIPS,0.00125,01/15/2030,,88.156250,88.125000,0.000000
912828ZZ6,TIPS,0.00125,07/15/2030,,87.703125,87.656250,0.000000
91282CBF7,TIPS,0.00125,01/15/2031,,86.578125,86.531250,0.000000
91282CCM1,TIPS,0.00125,07/15/2031,,86.046875,86.000000,0.000000
91282CDX6,TIPS,0.00125,01/15/2032,,84.906250,84.875000,0.000000
912810FQ6,TIPS,0.03375,04/15/2032,,108.656250,108.562500,0.000000
91282CEZ0,TIPS,0.00625,07/15/2032,,88.234375,88.187500,0.000000
91282CGK1,TIPS,0.01125,01/15/2033,,91.343750,91.312500,0.000000
91282CHP9,TIPS,0.01375,07/15/2033,,93.437500,93.406250,0.000000
912810QF8,TIPS,0.02125,02/15/2040,,98.281250,98.156250,0.000000
912810QP6,TIPS,0.02125,02/15/2041,,98.140625,98.000000,0.000000
912810QV3,TIPS,0.0075,02/15/2042,,76.828125,76.687500,0.000000
912810RA8,TIPS,0.00625,02/15/2043,,73.718750,73.625000,0.000000
912810RF7,TIPS,0.01375,02/15/2044,,84.609375,84.500000,0.000000
912810RL4,TIPS,0.0075,02/15/2045,,73.609375,73.500000,0.000000
912810RR1,TIPS,0.01,02/15/2046,,77.093750,77.000000,0.000000
912810RW0,TIPS,0.00875,02/15/2047,,73.984375,73.875000,0.000000
912810SB5,TIPS,0.01,02/15/2048,,75.718750,75.625000,0.000000
912810SG4,TIPS,0.01,02/15/2049,,75.359375,75.250000,0.000000
912810SM1,TIPS,0.0025,02/15/2050,,60.453125,60.375000,0.000000
912810SV1,TIPS,0.00125,02/15/2051,,57.343750,57.250000,0.000000
912810TE8,TIPS,0.00125,02/15/2052,,56.796875,56.718750,0.000000
912810TP3,TIPS,0.015,02/15/2053,,84.671875,84.625000,0.000000
91282CDU2,MARKET BASED FRN,0.05410540635,01/31/2024,,0.000000,99.985134,0.000000
91282CEL1,MARKET BASED FRN,0.053497071800000004,04/30/2024,,99.964720,99.939614,0.000000
91282CFD8,MARKET BASED FRN,0.0546326306,07/31/2024,,100.025535,100.002254,0.000000
91282CFS5,MARKET BASED FRN,0.055676935749999996,10/31/2024,,100.091122,100.072951,0.000000
91282CGF2,MARKET BASED FRN,0.05628526665,01/31/2025,,100.141993,100.119023,0.000000
91282CGY1,MARKET BASED FRN,0.0559709615,04/30/2025,,100.080356,100.052825,0.000000
91282CHS3,MARKET BASED FRN,0.0555248512,07/31/2025,,99.939523,99.915408,0.000000
91282CJD4,MARKET BASED FRN,0.0559811012,10/31/2025,,99.949807,99.935113,0.000000
